model,mae,rmse,mape_pct,n_eval,fit_failures,rmse_vs_naive,series
naive,82.25,109.15547016373786,19.449099079520312,12.0,0.0,1.0,All companies
exp_smoothing,82.97139802813957,109.59295147258959,19.78620097506495,12.0,0.0,1.004007873432229,All companies
arima_110,86.46544362420582,128.4198600960599,18.00927554027086,12.0,0.0,1.1764857950171863,All companies
moving_avg_3,100.72222222222221,133.4603561611712,24.710172619664313,12.0,0.0,1.222663014148306,All companies
holt_damped,97.12516770545783,140.92831743268107,20.415579001103225,12.0,0.0,1.2910788366472388,All companies
holt_damped,30.46206499665323,41.30126576770275,23.623453364660666,12.0,0.0,0.6897529161757796,"AI companies (broad, derived)"
arima_110,35.128642071363295,47.372719439552746,26.419508428257743,12.0,0.0,0.791149393928757,"AI companies (broad, derived)"
naive,44.75,59.878348897298984,29.87992009572538,12.0,0.0,1.0,"AI companies (broad, derived)"
exp_smoothing,45.0728506238998,60.04298541646948,30.269861753170613,12.0,0.0,1.0027495166817788,"AI companies (broad, derived)"
moving_avg_3,80.16666666666667,102.80275972661147,45.521585378277976,12.0,0.0,1.716860294577173,"AI companies (broad, derived)"
holt_damped,28.735137707810065,41.51239588221039,26.90761360826994,12.0,0.0,0.8928257245201774,AI companies (YC tags only)
arima_110,28.974228148921394,41.86766752581937,24.72266230776798,12.0,0.0,0.9004667111668332,AI companies (YC tags only)
naive,32.666666666666664,46.49551949740247,29.24588943253714,12.0,0.0,1.0,AI companies (YC tags only)
exp_smoothing,32.992393010527884,46.59004310316319,30.354670717739378,12.0,0.0,1.002032961601085,AI companies (YC tags only)
moving_avg_3,61.083333333333336,79.36653133592456,47.18661525689944,12.0,0.0,1.706971600572362,AI companies (YC tags only)
naive,39.583333333333336,51.272962335588396,20.458129726455102,12.0,0.0,1.0,B2B
exp_smoothing,39.98119529182999,51.65490100080252,20.741514565343234,12.0,0.0,1.0074491242131531,B2B
arima_110,39.840133028948244,58.97135929852578,20.44089095582412,12.0,0.0,1.1501453517070137,B2B
holt_damped,42.71010857604028,63.92608498822734,21.381222160790394,12.0,0.0,1.2467796295798663,B2B
moving_avg_3,55.5,74.13613603814719,25.39790766634557,12.0,0.0,1.4459109179788805,B2B
moving_avg_3,9.638888888888891,13.569778512889917,21.47022259951332,12.0,0.0,0.8455005211359944,Consumer
exp_smoothing,11.541680358900138,14.315479580955015,24.98620681094312,12.0,0.0,0.8919633754163208,Consumer
holt_damped,10.028592353525072,14.57310454954459,23.519934949336218,12.0,0.0,0.9080153725062674,Consumer
naive,13.25,16.04940289647354,27.812038640067076,12.0,0.0,1.0,Consumer
arima_110,11.528674322690486,16.758703762651706,27.295338458653045,12.0,0.0,1.044194844553003,Consumer
naive,17.75,21.065374432940896,32.399298128697914,12.0,0.0,1.0,Healthcare
moving_avg_3,18.02777777777778,21.432711240324007,36.844568767743894,12.0,0.0,1.0174379434152705,Healthcare
exp_smoothing,17.94412875380071,21.70606521958445,32.70008622344627,12.0,0.0,1.0304144029664943,Healthcare
holt_damped,19.361730078031027,23.480318913505965,36.88203539401122,12.0,0.0,1.1146404726036443,Healthcare
arima_110,19.028690466917777,24.562158017760883,34.95595786129692,12.0,0.0,1.1659967448455084,Healthcare
naive,18.916666666666668,30.955613384328213,38.63667302296323,12.0,0.0,1.0,Fintech
exp_smoothing,19.10623306875429,30.99839955486134,39.44118217634023,12.0,0.0,1.0013821780884105,Fintech
arima_110,19.765269583762585,32.91609552307596,41.74990753740126,12.0,0.0,1.0633320397954147,Fintech
moving_avg_3,30.444444444444443,38.81747411020321,64.13435698128849,12.0,0.0,1.2539720543820718,Fintech
holt_damped,24.012831618409745,40.81224178139941,52.73257867229305,12.0,0.0,1.3184116649441446,Fintech
holt_damped,11.430855129396415,14.502169015462174,57.706301006664184,12.0,0.0,0.9393783977017259,Industrials
moving_avg_3,12.055555555555555,14.89531370500032,52.147577850955905,12.0,0.0,0.9648443558028573,Industrials
exp_smoothing,12.472857082394542,15.380095120310662,56.13137778866818,12.0,0.0,0.9962460853416777,Industrials
naive,12.833333333333334,15.438048235879215,56.07395337210978,12.0,0.0,1.0,Industrials
arima_110,13.017448388486159,16.994085778640414,59.680044040528394,12.0,0.0,1.100792374721621,Industrials
moving_avg_3,4.444444444444444,5.058912194592094,40.28403426954151,12.0,0.0,0.8345040906726932,Real Estate and Construction
exp_smoothing,4.173485930730062,5.399870643164052,38.64987962419712,12.0,0.0,0.8907476484056923,Real Estate and Construction
holt_damped,4.564967104855072,5.5753214521355705,39.906012840806554,12.0,0.0,0.919689526059762,Real Estate and Construction
arima_110,4.864803759491577,5.8559063998079175,45.72119770127793,12.0,0.0,0.9659740389366724,Real Estate and Construction
naive,4.583333333333333,6.06217782649107,45.41184359119141,12.0,0.0,1.0,Real Estate and Construction
moving_avg_3,5.555555555555556,7.3383821004259415,71.85084976751642,12.0,0.0,0.9119697537138124,Education
exp_smoothing,5.214641735728194,7.462379792395756,59.476473956150436,12.0,0.0,0.927379437082607,Education
holt_damped,5.756423295097949,7.743063893534657,75.0881202706201,12.0,0.0,0.9622611599315942,Education
naive,5.083333333333333,8.04673846971554,47.00577200577201,12.0,0.0,1.0,Education
arima_110,5.835388655908883,8.804418729233069,72.10571311186382,12.0,0.0,1.094159921112027,Education
